{"validation_loss": 7.540358662605286, "bleu": 0.014648399251537278}