{"validation_loss": 5.470527142286301, "bleu": 3.069056752181213}