{"validation_loss": 6.4272027015686035, "bleu": 0.029422554046463455}