{"validation_loss": 5.859758228063583, "bleu": 0.6062189221307334}