{"validation_loss": 5.2154422998428345, "bleu": 3.9129157626072075, "training_time": 26.23295831680298, "tokens_per_sec": 82714.15574685764}