{"validation_loss": 5.663520812988281, "bleu": 2.422168740299052, "training_time": 24.873899936676025, "tokens_per_sec": 82451.88172860726}