{"validation_loss": 5.494487762451172, "bleu": 3.0676755924401595, "training_time": 25.941514015197754, "tokens_per_sec": 82709.15941330329}