{"validation_loss": 6.554325878620148, "bleu": 0.030304744034314837, "training_time": 25.383984804153442, "tokens_per_sec": 81032.43675073644}