{"validation_loss": 5.28444105386734, "bleu": 5.402902270903659, "training_time": 24.91656494140625, "tokens_per_sec": 82305.17378458653}