{"validation_loss": 5.268524408340454, "bleu": 3.77547171089504, "training_time": 26.224310636520386, "tokens_per_sec": 82673.30617016154}