{"validation_loss": 5.4321354031562805, "bleu": 4.206709613907919, "training_time": 25.88887596130371, "tokens_per_sec": 82736.65244361004}