{"validation_loss": 5.130726099014282, "bleu": 4.075935018008844, "training_time": 26.614647150039673, "tokens_per_sec": 82770.85709664498}