{"validation_loss": 5.286609470844269, "bleu": 3.0101823115608175, "training_time": 24.90738534927368, "tokens_per_sec": 82327.03079606399}