{"validation_loss": 5.2154422998428345, "bleu": 3.9129157626072075, "training_time": 24.92872142791748, "tokens_per_sec": 82276.4918286175}