{"validation_loss": 5.268524408340454, "bleu": 3.77547171089504, "training_time": 24.93005657196045, "tokens_per_sec": 82246.3617963187}