{"validation_loss": 5.286609470844269, "bleu": 3.0101823115608175, "training_time": 26.79486894607544, "tokens_per_sec": 82776.7857113943}