{"validation_loss": 5.4321354031562805, "bleu": 4.206709613907919, "training_time": 24.905336618423462, "tokens_per_sec": 82319.43663494215}