{"validation_loss": 5.663520812988281, "bleu": 2.422168740299052, "training_time": 25.960148334503174, "tokens_per_sec": 82766.37749138362}