{"validation_loss": 5.928079545497894, "bleu": 1.2964413526760543, "training_time": 24.840542316436768, "tokens_per_sec": 82697.63364045913}