{"validation_loss": 5.130726099014282, "bleu": 4.075935018008844, "training_time": 24.912362337112427, "tokens_per_sec": 82355.93497014795}