{"validation_loss": 5.928079545497894, "bleu": 1.2964413526760543, "training_time": 27.076265573501587, "tokens_per_sec": 82900.48008784461}