{"validation_loss": 5.28444105386734, "bleu": 5.402902270903659, "training_time": 26.08042001724243, "tokens_per_sec": 82757.56847430373}