{"validation_loss": 5.494487762451172, "bleu": 3.0676755924401595, "training_time": 24.89964747428894, "tokens_per_sec": 82300.70318342389}