{"validation_loss": 6.554325878620148, "bleu": 0.030304744034314837, "training_time": 25.684549808502197, "tokens_per_sec": 81057.24949286277}